<?xml version="1.0" encoding="UTF-8"?>
<project-private xmlns="http://www.netbeans.org/ns/project-private/1">
    <editor-bookmarks xmlns="http://www.netbeans.org/ns/editor-bookmarks/2" lastBookmarkId="0"/>
    <open-files xmlns="http://www.netbeans.org/ns/projectui-open-files/2">
        <group>
            <file>file:/D:/www.bug.com/Application/Admin/Controller/ShasetController.class.php</file>
            <file>file:/D:/www.bug.com/Application/Admin/Controller/IndexController.class.php</file>
            <file>file:/D:/www.bug.com/1.html</file>
            <file>file:/D:/www.bug.com/Application/Admin/View/Sets/edit.html</file>
            <file>file:/D:/www.bug.com/Application/Admin/View/Index/index.html</file>
        </group>
    </open-files>
</project-private>
